{
  "metric_name": "ndcg10",
  "best_step": 3000,
  "best_metric": 0.04770390689457725,
  "validation": {
    "base": {
      "hr": [
        0.017578125,
        0.058363970588235295,
        0.08708639705882353,
        0.1096047794117647,
        0.16291360294117646
      ],
      "ndcg": [
        0.017578125,
        0.03831714356372571,
        0.04755832179429459,
        0.053189314879453053,
        0.06385316193948463
      ]
    },
    "p2": {
      "hr": [
        0.017922794117647058,
        0.05801930147058824,
        0.08651194852941177,
        0.10926011029411764,
        0.1625689338235294
      ],
      "ndcg": [
        0.017922794117647058,
        0.03850227836962109,
        0.04770390689457725,
        0.05340913104321288,
        0.064114384443811
      ]
    },
    "p5": {
      "hr": [
        0.017807904411764705,
        0.05824908088235294,
        0.08099724264705882,
        0.10891544117647059,
        0.15935202205882354
      ],
      "ndcg": [
        0.017807904411764705,
        0.038389143802792125,
        0.04592335364178399,
        0.052862211421490245,
        0.06296804934744926
      ]
    },
    "p10": {
      "hr": [
        0.017463235294117647,
        0.058363970588235295,
        0.07961856617647059,
        0.1013327205882353,
        0.15050551470588236
      ],
      "ndcg": [
        0.017463235294117647,
        0.037525163807431844,
        0.044591651870121256,
        0.05003390619741194,
        0.059801289323181364
      ]
    }
  },
  "test": {
    "base": {
      "hr": [
        0.01642922794117647,
        0.04285386029411765,
        0.06767003676470588,
        0.08547794117647059,
        0.14096966911764705
      ],
      "ndcg": [
        0.01642922794117647,
        0.029560703693322126,
        0.03743906705420646,
        0.04189820969432346,
        0.05288819911926828
      ]
    },
    "p2": {
      "hr": [
        0.01631433823529412,
        0.042738970588235295,
        0.06721047794117647,
        0.0861672794117647,
        0.13844209558823528
      ],
      "ndcg": [
        0.01631433823529412,
        0.029527528767304898,
        0.03732515090345508,
        0.04206669434000813,
        0.05243307272415493
      ]
    },
    "p5": {
      "hr": [
        0.016199448529411766,
        0.04411764705882353,
        0.060546875,
        0.0859375,
        0.13177849264705882
      ],
      "ndcg": [
        0.016199448529411766,
        0.029811885359956915,
        0.03519389614543354,
        0.04146747382610316,
        0.050572541049036794
      ]
    },
    "p10": {
      "hr": [
        0.015739889705882353,
        0.042738970588235295,
        0.05939797794117647,
        0.08065257352941177,
        0.12235753676470588
      ],
      "ndcg": [
        0.015739889705882353,
        0.028955182327160073,
        0.0344210100847485,
        0.03966122717257888,
        0.047946319965724696
      ]
    }
  }
}