{
  "metric_name": "ndcg10",
  "best_step": 3000,
  "best_metric": 0.035527615199115195,
  "validation": {
    "base": {
      "hr": [
        0.00045955882352941176,
        0.05193014705882353,
        0.07778033088235294,
        0.10799632352941177,
        0.16659007352941177
      ],
      "ndcg": [
        0.00045955882352941176,
        0.0267042185027618,
        0.03518916314728927,
        0.042787354346075536,
        0.054530111804791864
      ]
    },
    "p2": {
      "hr": [
        0.0,
        0.050551470588235295,
        0.07846966911764706,
        0.10627297794117647,
        0.166015625
      ],
      "ndcg": [
        0.0,
        0.026034465403329047,
        0.03521620136592332,
        0.04222948865257619,
        0.05420565079146328
      ]
    },
    "p5": {
      "hr": [
        0.00022977941176470588,
        0.04997702205882353,
        0.07996323529411764,
        0.10822610294117647,
        0.16130514705882354
      ],
      "ndcg": [
        0.00022977941176470588,
        0.025824205758202746,
        0.035527615199115195,
        0.04254396874454751,
        0.05313853468064712
      ]
    },
    "p10": {
      "hr": [
        0.0,
        0.04538143382352941,
        0.07823988970588236,
        0.10271139705882353,
        0.14705882352941177
      ],
      "ndcg": [
        0.0,
        0.02339684742648026,
        0.034126200040312325,
        0.04024405513714319,
        0.04911996109793443
      ]
    }
  },
  "test": {
    "base": {
      "hr": [
        0.0,
        0.036420036764705885,
        0.057904411764705885,
        0.08628216911764706,
        0.14096966911764705
      ],
      "ndcg": [
        0.0,
        0.019231080313436608,
        0.026270147324910603,
        0.033411484405582524,
        0.044363989813060764
      ]
    },
    "p2": {
      "hr": [
        0.00011488970588235294,
        0.036420036764705885,
        0.05870863970588235,
        0.08743106617647059,
        0.14051011029411764
      ],
      "ndcg": [
        0.00011488970588235294,
        0.01924339772374057,
        0.026498806855767852,
        0.03372463077306677,
        0.04429592426722953
      ]
    },
    "p5": {
      "hr": [
        0.0,
        0.03630514705882353,
        0.05974264705882353,
        0.0861672794117647,
        0.13511029411764705
      ],
      "ndcg": [
        0.0,
        0.01912258650118534,
        0.02670904838231096,
        0.03325513523524138,
        0.04302831912875692
      ]
    },
    "p10": {
      "hr": [
        0.00011488970588235294,
        0.03699448529411765,
        0.060546875,
        0.07973345588235294,
        0.12385110294117647
      ],
      "ndcg": [
        0.00011488970588235294,
        0.019208627660654218,
        0.026819240335942497,
        0.031573971727215155,
        0.04047747331324697
      ]
    }
  }
}