{
  "metric_name": "ndcg10",
  "best_step": 42000,
  "best_metric": 0.029207551260010158,
  "validation": {
    "base": {
      "hr": [
        0.01953125,
        0.03180803571428571,
        0.037388392857142856,
        0.04296875,
        0.06305803571428571
      ],
      "ndcg": [
        0.01953125,
        0.026362903121668783,
        0.02817668124991752,
        0.029592389159146998,
        0.03354569990485811
      ]
    },
    "p2": {
      "hr": [
        0.01953125,
        0.033482142857142856,
        0.03962053571428571,
        0.04241071428571429,
        0.05524553571428571
      ],
      "ndcg": [
        0.01953125,
        0.027126591038791236,
        0.02909093266620496,
        0.029795050488293808,
        0.03236190416678385
      ]
    },
    "p5": {
      "hr": [
        0.020089285714285716,
        0.03459821428571429,
        0.0390625,
        0.04185267857142857,
        0.048549107142857144
      ],
      "ndcg": [
        0.020089285714285716,
        0.02776460295834633,
        0.029207551260010158,
        0.02990823922920699,
        0.03125902376673999
      ]
    },
    "p10": {
      "hr": [
        0.020089285714285716,
        0.03459821428571429,
        0.03794642857142857,
        0.041294642857142856,
        0.046875
      ],
      "ndcg": [
        0.020089285714285716,
        0.027959338175910793,
        0.029088174031811853,
        0.029957887666771287,
        0.031070006942173496
      ]
    }
  },
  "test": {
    "base": {
      "hr": [
        0.029575892857142856,
        0.04352678571428571,
        0.052455357142857144,
        0.0625,
        0.07700892857142858
      ],
      "ndcg": [
        0.029575892857142856,
        0.03725452285426142,
        0.040115664363681296,
        0.04255806126122523,
        0.04541539006733121
      ]
    },
    "p2": {
      "hr": [
        0.03125,
        0.046875,
        0.053013392857142856,
        0.0625,
        0.07645089285714286
      ],
      "ndcg": [
        0.03125,
        0.0403832594837112,
        0.0423501067251558,
        0.04473680833118044,
        0.04753517364857145
      ]
    },
    "p5": {
      "hr": [
        0.033482142857142856,
        0.048549107142857144,
        0.05133928571428571,
        0.05970982142857143,
        0.07087053571428571
      ],
      "ndcg": [
        0.033482142857142856,
        0.04221441056895163,
        0.04312726912337755,
        0.04527926618067868,
        0.04749150376150126
      ]
    },
    "p10": {
      "hr": [
        0.033482142857142856,
        0.049107142857142856,
        0.05189732142857143,
        0.05859375,
        0.06473214285714286
      ],
      "ndcg": [
        0.033482142857142856,
        0.0422312465996867,
        0.0431246637349604,
        0.04479113968077257,
        0.046034061254164926
      ]
    }
  }
}