{
  "metric_name": "ndcg10",
  "best_step": 29000,
  "best_metric": 0.028213199503339222,
  "validation": {
    "base": {
      "hr": [
        0.015625,
        0.027901785714285716,
        0.03571428571428571,
        0.04408482142857143,
        0.056919642857142856
      ],
      "ndcg": [
        0.015625,
        0.022164097031696164,
        0.024723942208657947,
        0.026764177240089178,
        0.02929186631167441
      ]
    },
    "p2": {
      "hr": [
        0.020647321428571428,
        0.029575892857142856,
        0.03627232142857143,
        0.041294642857142856,
        0.05357142857142857
      ],
      "ndcg": [
        0.020647321428571428,
        0.0255311496658003,
        0.02765153780126269,
        0.02892630694248583,
        0.031360908549115704
      ]
    },
    "p5": {
      "hr": [
        0.01953125,
        0.03459821428571429,
        0.03627232142857143,
        0.03850446428571429,
        0.048549107142857144
      ],
      "ndcg": [
        0.01953125,
        0.027670397014746734,
        0.028213199503339222,
        0.02875000401882024,
        0.030751586313225193
      ]
    },
    "p10": {
      "hr": [
        0.01953125,
        0.03404017857142857,
        0.03627232142857143,
        0.037388392857142856,
        0.04631696428571429
      ],
      "ndcg": [
        0.01953125,
        0.02747897455024021,
        0.0282077889435946,
        0.028498100413699132,
        0.0302918923962067
      ]
    }
  },
  "test": {
    "base": {
      "hr": [
        0.028459821428571428,
        0.037388392857142856,
        0.04296875,
        0.05357142857142857,
        0.06975446428571429
      ],
      "ndcg": [
        0.028459821428571428,
        0.03353868705911538,
        0.03538439832776772,
        0.03809646760874903,
        0.04120235358119044
      ]
    },
    "p2": {
      "hr": [
        0.032924107142857144,
        0.04241071428571429,
        0.046875,
        0.05189732142857143,
        0.06696428571428571
      ],
      "ndcg": [
        0.032924107142857144,
        0.038291913934565144,
        0.0397181623215186,
        0.040954830464038985,
        0.04390709207113464
      ]
    },
    "p5": {
      "hr": [
        0.032924107142857144,
        0.045200892857142856,
        0.04799107142857143,
        0.05133928571428571,
        0.05859375
      ],
      "ndcg": [
        0.032924107142857144,
        0.0397455347847541,
        0.040598189839675315,
        0.041414452018420485,
        0.04285106405313117
      ]
    },
    "p10": {
      "hr": [
        0.03459821428571429,
        0.04575892857142857,
        0.046875,
        0.05022321428571429,
        0.05747767857142857
      ],
      "ndcg": [
        0.03459821428571429,
        0.04077861943074882,
        0.04113261682416249,
        0.04197343536195664,
        0.04339785326890986
      ]
    }
  }
}