{
  "criterion": {
    "beauty_median_gt_ml1m": true,
    "ml1m_abs_median_max": 0.5,
    "steam_median_gt_ml1m": true
  },
  "datasets": [
    {
      "bank_hash": "31d8c059bbe138d53689cb0101d09f9eb358dfec5f6f567d9f1d59a6750a30ac",
      "dataset": "ML1M",
      "dataset_dir": "/data/Zijian/goal/RecDemo/dataset/paper_raw_v1/ML1M",
      "item_count": 3706,
      "mean_g": 0.4183538854122162,
      "mean_u_tilde": 1.420940637588501,
      "median_u_tilde": 1.427543044090271,
      "p10_u_tilde": 0.30852699279785156,
      "p90_u_tilde": 2.520249843597412,
      "split_counts": {
        "test": 85405,
        "train": 755782,
        "val": 98622
      },
      "std_u_tilde": 0.8416969180107117,
      "user_count": 939809
    },
    {
      "bank_hash": "aee6d302995df9603702145b3da1c1daa555b113926d5c71e17b994079f373d0",
      "dataset": "Steam",
      "dataset_dir": "/data/Zijian/goal/RecDemo/dataset/paper_raw_v1/Steam",
      "item_count": 9265,
      "mean_g": 0.12601549923419952,
      "mean_u_tilde": 0.14950822293758392,
      "median_u_tilde": 0.10729058086872101,
      "p10_u_tilde": -0.41131582856178284,
      "p90_u_tilde": 0.7819839715957642,
      "split_counts": {
        "test": 80651,
        "train": 988517,
        "val": 81695
      },
      "std_u_tilde": 0.46878090500831604,
      "user_count": 1150863
    },
    {
      "bank_hash": "23e28bf7cd0ac7fafd102e2c98d4a874a45bc54501231a51870ac306528af602",
      "dataset": "Beauty",
      "dataset_dir": "/data/Zijian/goal/RecDemo/dataset/paper_raw_v1/Beauty",
      "item_count": 12101,
      "mean_g": 0.31587398052215576,
      "mean_u_tilde": 1.0230745077133179,
      "median_u_tilde": 0.7981683611869812,
      "p10_u_tilde": -0.16180065274238586,
      "p90_u_tilde": 2.5394787788391113,
      "split_counts": {
        "test": 2237,
        "train": 17890,
        "val": 2236
      },
      "std_u_tilde": 1.1143231391906738,
      "user_count": 22363
    },
    {
      "bank_hash": "b2f77836e49b1602c86dc87da6585982f0c4872577c21968eadc4e153c5efd17",
      "dataset": "ATG",
      "dataset_dir": "/data/Zijian/goal/RecDemo/dataset/paper_raw_v1/ATG",
      "item_count": 11921,
      "mean_g": 0.3038337230682373,
      "mean_u_tilde": 0.9220539927482605,
      "median_u_tilde": 0.724168062210083,
      "p10_u_tilde": -0.1981733739376068,
      "p90_u_tilde": 2.3179731369018555,
      "split_counts": {
        "test": 1942,
        "train": 15529,
        "val": 1941
      },
      "std_u_tilde": 1.0606180429458618,
      "user_count": 19412
    }
  ],
  "decision": "Gate 0 failed on the production sentence-t5-xl banks; keep SPRINT-05 main-table retrains blocked.",
  "gate0_reasons": [
    "|median_u_tilde(ML1M)|=1.427543 exceeds 0.50",
    "median_u_tilde(Steam)=0.107291 is not greater than ML1M=1.427543",
    "median_u_tilde(Beauty)=0.798168 is not greater than ML1M=1.427543"
  ],
  "gate0_verdict": "fail",
  "main_table_retrains_blocked": true,
  "next_step": "Keep SPRINT-05 blocked and revise the calibration or claim path before any v2 main-table retrain launch.",
  "original_hypothesis": "Length-matched null calibration on production sentence-t5-xl banks should drive ML1M close to the null point while Steam and Beauty remain above ML1M, so text-evidence-poor regimes auto-fallback toward the core kernel.",
  "revised_hypothesis": "Length-matched null calibration alone does not drive ML1M near the null point on the production sentence-t5-xl banks. Instead ML1M remains strongly positive (median_u_tilde=1.427543) and sits above Steam (0.107291) and Beauty (0.798168). The calibrated-agreement signal is therefore not yet a reliable zero-information detector for ML1M, so the main path must stay on calibration/claim revision before any v2 main-table retrains.",
  "sprint05_status": "blocked"
}
