dataset,dataset_dir,train_row_count,sampled_row_count,usable_row_count,skipped_row_count,negative_count,history_length_mean,history_length_median,coherence_mean,coherence_median,u_ds_popularity,u_ds_uniform,phi_u_ds,bank_hash,split_hash
ML1M,/data/Zijian/goal/RecDemo/dataset/paper_raw_v1/ML1M,755782,4000,4000,0,100,10.0,10.0,0.8852515252530575,0.8848916590213776,0.75353875,0.7985262500000001,0.0,76fcfc25668145bfbaba194f2f0f652acda0c424363f689f35bb653eb525497d,7895e743467fd60060127264894250a0502d94028e84441400aa14dfd9118576
Steam,/data/Zijian/goal/RecDemo/dataset/paper_raw_v1/Steam,988517,4000,4000,0,100,10.0,10.0,0.8875622883886098,0.8864337205886841,0.5695662499999999,0.56507875,1.0,78fed57c4afba29031624357ad7b8e543aa20a0b06b3373e69525625e6e78023,a0e0a7e03cb0823386da7f0832f595253633014dd50f64fc63c2d431d0f84006
Beauty,/data/Zijian/goal/RecDemo/dataset/paper_raw_v1/Beauty,17890,4000,4000,0,100,6.38125,6.0,0.8988757783919573,0.8953931629657745,0.7124275,0.71720375,0.0,591e4f4ee24160becd190f2b5279a48a351004ff6fd09f228473188a182b5d9b,ab2863e37b13290aa216ae4c83c725a852e2a7fdd9325afb1d501e0141e3f2b6
ATG,/data/Zijian/goal/RecDemo/dataset/paper_raw_v1/ATG,15529,4000,4000,0,100,6.24925,5.0,0.9042265425622463,0.9010947048664093,0.6882625,0.6920125,0.11737499999999956,90ac91f8d54a19cf5f0c70a304b0a6ddf63d5803e45f0a85e293377642b9812f,33315c196f7a377a223f2a20705d3557e827c39c547baf16b69645f2e43db0ec
