{
  "datasets": [
    {
      "bank_hash": "31d8c059bbe138d53689cb0101d09f9eb358dfec5f6f567d9f1d59a6750a30ac",
      "dataset": "ML1M",
      "dataset_dir": "/data/Zijian/goal/RecDemo/dataset/paper_raw_v1/ML1M",
      "item_count": 3706,
      "mean_agreement": 0.9426596760749817,
      "mean_agreement_residual": 0.011277488432824612,
      "mean_completeness": 0.25,
      "mean_g": 0.4183538854122162,
      "mean_history_ess": 1.0,
      "mean_history_length": 10.0,
      "mean_history_recency": 0.9940986037254333,
      "mean_history_reliability": 0.940889298915863,
      "mean_history_stability": 0.8853194117546082,
      "mean_mu_null": 0.9313821792602539,
      "mean_residual_to_sigma": 2.841881275177002,
      "mean_sigma_null": 0.003968317061662674,
      "mean_u_tilde": 1.420940637588501,
      "median_agreement": 0.942712128162384,
      "median_agreement_residual": 0.011329889297485352,
      "median_completeness": 0.25,
      "median_g": 0.5,
      "median_history_ess": 1.0,
      "median_history_length": 10.0,
      "median_history_recency": 0.9944710731506348,
      "median_history_reliability": 0.9409438371658325,
      "median_history_stability": 0.8854242563247681,
      "median_mu_null": 0.9313822388648987,
      "median_residual_to_sigma": 2.855086088180542,
      "median_sigma_null": 0.0039683179929852486,
      "median_u_tilde": 1.427543044090271,
      "p10_agreement": 0.9338309168815613,
      "p10_agreement_residual": 0.002448666375130415,
      "p10_completeness": 0.25,
      "p10_g": 0.15426349639892578,
      "p10_history_ess": 1.0,
      "p10_history_length": 10.0,
      "p10_history_recency": 0.9917292594909668,
      "p10_history_reliability": 0.9316481351852417,
      "p10_history_stability": 0.8676618337631226,
      "p10_mu_null": 0.9313822388648987,
      "p10_residual_to_sigma": 0.6170539855957031,
      "p10_sigma_null": 0.0039683179929852486,
      "p10_u_tilde": 0.30852699279785156,
      "p90_agreement": 0.9513845443725586,
      "p90_agreement_residual": 0.020002305507659912,
      "p90_completeness": 0.25,
      "p90_g": 0.5,
      "p90_history_ess": 1.0,
      "p90_history_length": 10.0,
      "p90_history_recency": 0.9959620833396912,
      "p90_history_reliability": 0.9500218033790588,
      "p90_history_stability": 0.9027689099311829,
      "p90_mu_null": 0.9313822388648987,
      "p90_residual_to_sigma": 5.040499687194824,
      "p90_sigma_null": 0.0039683179929852486,
      "p90_u_tilde": 2.520249843597412,
      "split_counts": {
        "test": 85405,
        "train": 755782,
        "val": 98622
      },
      "std_agreement": 0.0066802422516047955,
      "std_agreement_residual": 0.0066802422516047955,
      "std_completeness": 0.0,
      "std_g": 0.14828959107398987,
      "std_history_ess": 0.0,
      "std_history_length": 0.0,
      "std_history_recency": 0.0017922248225659132,
      "std_history_reliability": 0.006986470893025398,
      "std_history_stability": 0.013360484503209591,
      "std_mu_null": 5.960464477539063e-08,
      "std_residual_to_sigma": 1.6833938360214233,
      "std_sigma_null": 9.313225746154785e-10,
      "std_u_tilde": 0.8416969180107117,
      "user_count": 939809
    },
    {
      "bank_hash": "aee6d302995df9603702145b3da1c1daa555b113926d5c71e17b994079f373d0",
      "dataset": "Steam",
      "dataset_dir": "/data/Zijian/goal/RecDemo/dataset/paper_raw_v1/Steam",
      "item_count": 9265,
      "mean_agreement": 0.9441702365875244,
      "mean_agreement_residual": 0.002232028404250741,
      "mean_completeness": 0.25,
      "mean_g": 0.12601549923419952,
      "mean_history_ess": 0.999997615814209,
      "mean_history_length": 9.999975204467773,
      "mean_history_recency": 0.9946041703224182,
      "mean_history_reliability": 0.9425509572029114,
      "mean_history_stability": 0.8883404731750488,
      "mean_mu_null": 0.9419383406639099,
      "mean_residual_to_sigma": 0.29901644587516785,
      "mean_sigma_null": 0.007464575115591288,
      "mean_u_tilde": 0.14950822293758392,
      "median_agreement": 0.9435399174690247,
      "median_agreement_residual": 0.0016017556190490723,
      "median_completeness": 0.25,
      "median_g": 0.053645290434360504,
      "median_history_ess": 1.0,
      "median_history_length": 10.0,
      "median_history_recency": 0.9948060512542725,
      "median_history_reliability": 0.9419088363647461,
      "median_history_stability": 0.8870799541473389,
      "median_mu_null": 0.9419381618499756,
      "median_residual_to_sigma": 0.21458116173744202,
      "median_sigma_null": 0.007464567665010691,
      "median_u_tilde": 0.10729058086872101,
      "p10_agreement": 0.9357975721359253,
      "p10_agreement_residual": -0.006140589714050293,
      "p10_completeness": 0.25,
      "p10_g": 0.0,
      "p10_history_ess": 1.0,
      "p10_history_length": 10.0,
      "p10_history_recency": 0.9926204085350037,
      "p10_history_reliability": 0.933882474899292,
      "p10_history_stability": 0.8715951442718506,
      "p10_mu_null": 0.9419381618499756,
      "p10_residual_to_sigma": -0.8226316571235657,
      "p10_sigma_null": 0.007464567665010691,
      "p10_u_tilde": -0.41131582856178284,
      "p90_agreement": 0.9536126255989075,
      "p90_agreement_residual": 0.011674344539642334,
      "p90_completeness": 0.25,
      "p90_g": 0.3909919857978821,
      "p90_history_ess": 1.0,
      "p90_history_length": 10.0,
      "p90_history_recency": 0.9963537454605103,
      "p90_history_reliability": 0.9523193836212158,
      "p90_history_stability": 0.9072252511978149,
      "p90_mu_null": 0.9419381618499756,
      "p90_residual_to_sigma": 1.5639679431915283,
      "p90_sigma_null": 0.007464567665010691,
      "p90_u_tilde": 0.7819839715957642,
      "split_counts": {
        "test": 80651,
        "train": 988517,
        "val": 81695
      },
      "std_agreement": 0.006998507305979729,
      "std_agreement_residual": 0.006998501718044281,
      "std_completeness": 0.0,
      "std_g": 0.15647470951080322,
      "std_history_ess": 0.000977649469859898,
      "std_history_length": 0.009776495397090912,
      "std_history_recency": 0.001532278722152114,
      "std_history_reliability": 0.007245571818202734,
      "std_history_stability": 0.013997014611959457,
      "std_mu_null": 1.4247781109588686e-05,
      "std_residual_to_sigma": 0.9375618100166321,
      "std_sigma_null": 3.3056865049729822e-06,
      "std_u_tilde": 0.46878090500831604,
      "user_count": 1150863
    },
    {
      "bank_hash": "23e28bf7cd0ac7fafd102e2c98d4a874a45bc54501231a51870ac306528af602",
      "dataset": "Beauty",
      "dataset_dir": "/data/Zijian/goal/RecDemo/dataset/paper_raw_v1/Beauty",
      "item_count": 12101,
      "mean_agreement": 0.950425386428833,
      "mean_agreement_residual": 0.008758755400776863,
      "mean_completeness": 0.9341965317726135,
      "mean_g": 0.31587398052215576,
      "mean_history_ess": 0.6250815987586975,
      "mean_history_length": 6.2508158683776855,
      "mean_history_recency": 0.9971671104431152,
      "mean_history_reliability": 0.8745919466018677,
      "mean_history_stability": 0.9008508920669556,
      "mean_mu_null": 0.9416666030883789,
      "mean_residual_to_sigma": 2.0461490154266357,
      "mean_sigma_null": 0.004407833330333233,
      "mean_u_tilde": 1.0230745077133179,
      "median_agreement": 0.9487572312355042,
      "median_agreement_residual": 0.0069013237953186035,
      "median_completeness": 0.949999988079071,
      "median_g": 0.3990841805934906,
      "median_history_ess": 0.5,
      "median_history_length": 5.0,
      "median_history_recency": 0.9979668855667114,
      "median_history_reliability": 0.8611467480659485,
      "median_history_stability": 0.8975146412849426,
      "median_mu_null": 0.942947506904602,
      "median_residual_to_sigma": 1.5963367223739624,
      "median_sigma_null": 0.005042283795773983,
      "median_u_tilde": 0.7981683611869812,
      "p10_agreement": 0.9385184645652771,