step,core_train_loss,proposal_train_loss,train_loss_abs_diff,core_val_p2_ndcg10,proposal_val_p2_ndcg10,val_p2_ndcg10_abs_diff
1,3.925048351287842,3.925048589706421,2.384185791015625e-07,0.06204018979377004,0.06204018979377004,0.0
2,5.252567291259766,5.252567768096924,4.76837158203125e-07,0.06262789842247952,0.06262789842247952,0.0
3,4.401610374450684,4.401610374450684,0.0,0.06344166764271501,0.06344166764271501,0.0
