metric,user_count,pearson,spearman
utility_vs_delta_ndcg10,4832,0.057886118409508754,0.0276791920236945
utility_vs_delta_hit10,4832,0.06708597196059574,0.05292238440754258
utility_vs_delta_rank,4832,0.4371821141763035,0.4442816257273997
