dataset,user_count,sampled_row_count,pearson_utility_vs_delta_ndcg10,spearman_utility_vs_delta_ndcg10,inverse_ordering_observed,v1_test_p2_ndcg10,core_test_p2_ndcg10
ML1M,4832,19328,0.057886118409508754,0.0276791920236945,False,0.028844810656414362,0.09102175325784369
Steam,31836,127292,0.04554768526293251,0.045552119345236064,False,0.019284021813307416,0.012895807155712712
