metric,user_count,pearson,spearman
utility_vs_delta_ndcg10,31836,0.04554768526293251,0.045552119345236064
utility_vs_delta_hit10,31836,0.044457145437736496,0.046909699121924865
utility_vs_delta_rank,31836,0.11945734428093863,0.09136376104982588
