{
  "metric_name": "ndcg10",
  "best_step": 32000,
  "best_metric": 0.029021099610334278,
  "validation": {
    "base": {
      "hr": [
        0.018973214285714284,
        0.030133928571428572,
        0.03571428571428571,
        0.04575892857142857,
        0.06529017857142858
      ],
      "ndcg": [
        0.018973214285714284,
        0.024337001863711273,
        0.02609254423614568,
        0.02856207703831584,
        0.03236228949936813
      ]
    },
    "p2": {
      "hr": [
        0.01953125,
        0.03180803571428571,
        0.0390625,
        0.04352678571428571,
        0.056361607142857144
      ],
      "ndcg": [
        0.01953125,
        0.026056117293365943,
        0.028364433391305562,
        0.02952834060826828,
        0.03203590260561904
      ]
    },
    "p5": {
      "hr": [
        0.020647321428571428,
        0.03180803571428571,
        0.03850446428571429,
        0.04241071428571429,
        0.048549107142857144
      ],
      "ndcg": [
        0.020647321428571428,
        0.02685218179170801,
        0.029021099610334278,
        0.02999276588297623,
        0.03118866158978558
      ]
    },
    "p10": {
      "hr": [
        0.018415178571428572,
        0.032924107142857144,
        0.03850446428571429,
        0.041294642857142856,
        0.048549107142857144
      ],
      "ndcg": [
        0.018415178571428572,
        0.026596323295665504,
        0.028381831064813148,
        0.02905811850294471,
        0.03046229073746478
      ]
    }
  },
  "test": {
    "base": {
      "hr": [
        0.027901785714285716,
        0.037388392857142856,
        0.04575892857142857,
        0.05580357142857143,
        0.06975446428571429
      ],
      "ndcg": [
        0.027901785714285716,
        0.032914198417237424,
        0.035547150938500825,
        0.038145645718286936,
        0.04081039482783595
      ]
    },
    "p2": {
      "hr": [
        0.03404017857142857,
        0.04575892857142857,
        0.04966517857142857,
        0.05747767857142857,
        0.06863839285714286
      ],
      "ndcg": [
        0.03404017857142857,
        0.040023544005493274,
        0.04129374588439805,
        0.043303049003859104,
        0.04550673919339248
      ]
    },
    "p5": {
      "hr": [
        0.03459821428571429,
        0.04631696428571429,
        0.049107142857142856,
        0.053013392857142856,
        0.06138392857142857
      ],
      "ndcg": [
        0.03459821428571429,
        0.041266904419536975,
        0.04217175948074054,
        0.0431376932064621,
        0.044758990345435526
      ]
    },
    "p10": {
      "hr": [
        0.03515625,
        0.04631696428571429,
        0.04799107142857143,
        0.05133928571428571,
        0.056919642857142856
      ],
      "ndcg": [
        0.03515625,
        0.04124936192814882,
        0.04179216441674131,
        0.04259016272775305,
        0.0437076095918648
      ]
    }
  }
}